{"cameraMode":{"drawMode":0,"name":"Shaded","section":"Shading Mode"},"sceneLighting":true,"audioPlay":false,"sceneViewState":{"showFog":true,"showMaterialUpdate":true,"showSkybox":true,"showFlares":true,"showImageEffects":true,"showParticleSystems":true},"in2DMode":false,"pivot":{"x":-9.730463027954102,"y":5.195537090301514,"z":-2.649341344833374},"rotation":{"x":-0.23325476050376893,"y":-0.4507972002029419,"z":0.12331880629062653,"w":-0.8527405858039856},"size":27.577001571655275,"orthographic":false}