{"cameraMode":{"drawMode":0,"name":"Shaded","section":"Shading Mode"},"sceneLighting":true,"audioPlay":false,"sceneViewState":{"showFog":true,"showMaterialUpdate":true,"showSkybox":true,"showFlares":true,"showImageEffects":true,"showParticleSystems":true},"in2DMode":false,"pivot":{"x":-1.3944013118743897,"y":0.7617292404174805,"z":-2.476928949356079},"rotation":{"x":-0.007007415406405926,"y":-0.9369715452194214,"z":0.018846586346626283,"w":-0.3488267660140991},"size":2.1670684814453127,"orthographic":false}